word	and	arch	bezhh	bezht	bud	cham	chamg	gin	gunz	hin	inh	kryz	lak	rutl	tsah	tsahg	tsahts	tsez
abrikos	5	3	4	4	4	3	3	3	4	3	3	3	3	3 3	3	3	3	3
alycha	4	3	4	4	3	3	NA	3	4	3	3	3	3	3	3	3	3	3
arba	4	4	4	4	4	3	3	3	4	4	3	4	4	4	3	3	3	3
babochka	3	3	3	3	3	3	3	3	3	3	5	4	4	4	4	4	4	3
baran vzroslyj	NA	3	3	3	3	3	NA	3	3	3	NA	3	3	3	3	3	3	3
barbaris	NA	4	5	5	4	5	3	2	5	NA	5	4	3	3	4	4	4	2
barsuk	3	4	3	3	3	3	3	3	3	3	3	3	3	3	4	4	4	3
bedro	5	3	4	4	4	4	4	4	4	3	4	4	3	4	3	3	3	4
bereza	5	3	3	3	3	4	4	3	3	NA	3	3	3	3	3	3	3	3
bloha	3	3	3	3	3	3	3	3	3	3	3	3	3	3	3	3	3	3
bok	5	3	3	3	4	3	3	3	3	NA	3	NA	3	NA	NA	NA	NA	3
bok (a)	NA	NA	NA	NA	NA	NA	NA	NA	NA	3	NA	3	NA	3	3	3	3	NA
bok (b)	NA	NA	NA	NA	NA	NA	NA	NA	NA	3	NA	4	NA	4	4	4	4	NA
boroda	4	3	3	5	3	5	4	5	3	3	5	3	3	3	3	3	3	3
borozda	5	4	5	4	3	4	4	3	4	4 3	3	3	4	4	3	3	3	3
braslet	4	4	3	3	3	5	5	3	3	3	3	4	4	3	3	3	3	4
brevno	4	NA	3	3	3	5	NA	3	5	4	NA	3	3	3	NA	NA	NA	NA
brevno (b) balka	NA	4 4 3	4	4	4	NA	3	2	3	4	4	NA	4 3	3	NA	NA	NA	3
brov'	5	4	4	4	4	3	5	4	4	3	4	4	4	4	3	3	3	4
bul'on	4	4	5	5	3	5	5	3 2	5	3	5	4	4	3	3	3	3	4 2
burdjuk	4	4	4	4	4 4	5	4	4	4	4	3	4	4	4	4	4	4	4
burka, vojlok	5	3	5	5	3 3	3	3	2	5	3	3	3	3	4	4	4	4	3
bychok (ot odnogo goda do treh let)	3	3	3	3	3	3	3	3	3	3	5	3	3	3	3 3	3 3	3 3	3
byk (proizvoditel')	3	3	3	3	3	3	3	3	3	3	3	3	3	3	3	3	3	3
cheljust'	5	4	4	4	4	3	3	3	4	3	PL	4	4	4	4	4	4	2
cheremsha	5	3	4	4	3	3	3	4	4	4	3	3 3 3	4	3	3 3	3	3 3	2
cherpak	5	4	3 3	3	3	4	4	4	3	3	3	3	3	4 4	3	3	3	4
cherv'	3	3	3	3	3	4	3	3	3	3	3	3	3	3	3	4	3	3
chesnok	5	3	5	5	3	3	4	4	4	3	4	3	3	3	3	3	3	4
chirej, naryv	5	3	3	3	3	4	3	NA	3	4	4	3	4	4	4	4	4	4
chlen muzhskoj	4	4	4	4	4	4	3	3	4 4 4	4	3	4	4	4	4	4 3	4 3	3
chuhta	5	4	3	3	4	3	3	4	NA	3	3	4	4	3	4	4	4	4
den'	4	4	4	4	4	3	3	4	4	4	5	4	4	4	4	4	4	4
derevo	4	3	3	3	3	4	4	2	3	3	4	3	3	3	3	3	3	2
desna	5	4	3	3	3	3	3	4	3	3	3	4	4	4	4	4	4	3
detenysh	3	8	3	3	3	3	3	3	3	3	5	4	1 2 3 4	3	3	3	3	3
dno	4	4	5	5	4	4	5	2	5	4	5	4	4	4	4 4	4 4	4 4	2
dom, komnata	4 4	4	4	4	3	3	3	3	4	4	4	3	3	4	4	3	4	4
doroga	5	3	4	4	3	3	3	4	4	3	4	3	3	3	3	3	3	4
doska	4	4	4	4	4	3	3	4	4	4	5	3	4 4	4	4	4	4	4
dozhd'	4	4	4	4	4	4	4	4	4	3	4	4	4	4	4	4	4	4
dub	NA	NA	3	3	3	4	NA	2	3	3	3	3	3	3	3	3	3	3
dver'	4	4	5	5	4	5	5	2 2	5	3 4	4	4	4	4	4	4	4	2
dym	5	4	4	4	4	3	3	2	4	4	5	4	3	4	4	4	4	2
dyra	5	4	4 4	4	4	3	3	2	4 4	3	4	4	4	3	3	3 3	3 3	2
ezh	3	3	3	3	3	5	3	3	3	3	3	3	3	3	4	3	4	NA
fundament	5	3	3	3	4	5	5	3	3	4	3	4	3	3	3	4	4	2
glaz	5	3	4	4	3	3	3	4	4	3	3	3	3	3	3	3	3	4
gnezdo	NA	4	5	5	4	3	3	3	3	3	3	4	3	4	4	4	4	3
gnida	3	4	3	3	3	3	3	3	3	3	5	3	3	3	3	3	3	NA
gnoj	5	4	4 4	4	4	5	4	4	4	4	4	4	4	4	4	4	4	4
god	4	4	4	4	4	4	4	2	4	4	5	4	4	4	4	4	4	2
golen' (a)	NA	NA	4	4	NA	3	NA	NA	NA	NA	NA	4	4	NA	3	3	3	NA
golen' (b)	5	NA	NA	NA	4	3	3	NA	NA	4	5	4	NA	4	NA	NA	NA	2
golenische	5	4	5	4	3	3	3	4	5	4	4	4	4	3	4	NA	3	4
golos	NA	NA	4	4	NA	NA	NA	NA	NA	NA	NA	NA	NA	3	4	4	NA	4
golos/zvuk	NA	4	NA	NA	4	5	5	3	NA	4	4	4	3	NA	NA	NA	4	NA
golova	4	4 4	4	4	3	4	4	4	4	4 3	4	3	3	3 3	3 3	3 3	3 4	4
golub'	3	3	3	3	3	3	3	3	3	3	3	4	3	3	3	3	3	3
gora, gornoe pastbische	5	3 4 4 3 4	3	3	4	4	5	2	5	4	5	4	3 4	3	3 4	4	3	2
gorlo	5	3	3	3	3 3	3	3	4	3	3 3	4	3 3	3	3 3 3	3 3	3 3	3 3	3 4
gornyj kozel, tur	NA	3	3	3	3	3	3	3	3	3	3	3 3	3	3	3 3	3	3 3	3
goroh	4	4	5	5	3	5	5	2	4	4	5	4	4	3	3	3 3	3 3	2
gorst' (dvumja rukami)	5	3	3	4	3	5	5	PL	4	3	3	3	3	NA	3	4	PL	3
gorst' (odnoj ruki)	5	4	3	3	3	3	3	3	3	4	4	3	3	3	3	4	3	3
grabli	5	4	NA	NA	3	NA	4	NA	NA	3	3	3	4	4	NA	NA	NA	4
grabli (b) borona	NA	NA	4	4	4	4	NA	3	4	NA	3	NA	NA	NA	NA	NA	NA	3
greben' dlja shersti	4	4	5	5	4	5	5	4	5	3	5	4	3	4	4	4	4	2
griva loshadi	5	3	5	5	3	3	5	2	5	4	5	4	3	4	4	4	4	2
grjaz' (na odezhde, na tele)	5	4	4	4	4	3	3	4	3	4	4	3	4	4	4	4	4	4
grud'	5	3	5	5	4	3 5	3	4	5	3	3	3	4	3	4	4	4	3
grusha	5	4	5	5	3	3	3	3	3	3	3	3	4	3	3	3	3	3
guba	5	3	3	3	4	5	5	2	3	3	5	4	4	4	4	4 3	4	2
gumno	4	4	5	5	4	5	5	2	5	4	5	4	4	4	4	4	4	2
gvozd'	5	3	3	3	4	3	3	3	3	3	3	3 4	3	4	4	4	4	3
hinkal	5	3	3	3 3	3	3 5	3	3	4	4	3	3	3	3	3 3 4	3 4	3 3 4	3
hleb	5	3	3	3	4	4	4	3	3	3 3	5	4	3	4	4 3	4 4	4 3 3	3
hlebnoe izdelie s nachinkoj	5	3	NA	NA	3 3	4	3	3	4	3	3	3	3	4 3	4 3	4 3	4	3
hlev	5	3	4	4	4	3	3	4	4	4	3	4	3	4	4	4	4	4
hmel'noj napitok, buza	4	4	3	3 3	NA	4	4	3	3 3	NA	3 3	NA	4	4	4	4	4	3
holm, kucha	5	3 3	4	4	4 4	3	3	3	5 4	3	3	4	3 4	3	3	3	3	3 3
hrjasch	4	3	4	4	3	3	3	3	3	3	4	4	3	4	4	4	4	3
hvost	5	4	4	4	4	4	4	4	4	3	4	4	4	3	4	4	4	4
igla	5	3	3	3	3	3	3	3	3	3	3	3	3	3	3	3	3	3
imja	4	4	4	4	4	4	4	4	4	3	4	4	4	4	4	4	4	4
inej	5	4	PL	4	3	4 5	4	4	4	4	4	3	4	4	4	4 3	4 4	4
iva	5	NA	3	3	3	4	4	2	3	3	3	3	3	NA	3	3	3	3
jabloko	5	4	3	3	3	3	3	3 3	3	4	3	3	3	3	3	3	3	3
jachmen'	5	3	4	4	4	3	3	3	4	3	3	4	3	3	3	3	4	3
jagnenok (a) do neskol'kih mesjatsev	NA	NA	NA	NA	NA	3	3	NA	NA	NA	5	3	3	3	3	3	3	NA
jagnenok (b) ot nesk mesjatsev do goda	NA	NA	NA	NA	NA	3	3	NA	NA	NA	5	3	3	3	3	3	3	NA
jagnenok do odnogo goda	3	4	3	3	3	NA	NA	3	3	3	NA	NA	NA	NA	NA	NA	NA	3
jagoda shipovnika	5	3	5	5	3	3	3	2 2	5	NA	5	3	4	3	3	3	3	2
jajtso	4	3	3	3	3	5	5	2	3	3	5	3	3	3	3	3	3	2
jama	5	3	4 4	4	3 4	3	3	2	4	3	5	3 3	4	4	3	3	3	2
jarmo	4	4	4	4	4	4	4	4	4	4	4	4	4	4	4	4	4	4
jascheritsa	3	3	3	3	3	5	3	3	3	3	3	3	4	3 3	4	3	4	3
jazyk	5	3	3	3	3	3	3	3	3	3	3	3	3	3	3	3	3	3
jula	4	3 4	3	3	3	3	5	3	3	3	3	3	4	3	3	3	3	3
kaban	3	3	3	3	3	3	3	3	3	3	3	3	3	3	3	3	3	3
kadyk	5	4	4	NA	3	3 5	3	NA	4	4	4	4	3	3	3	3	3	NA
kal	5	3	4	4	4	3	4	4	4	3	3	3	4	4	4	4	4	4
kal zhidkij	4	4 3	4	4	4	4	4	4	4	3	4	4	4	4	4	4	4	3
kamen'	5	3	5	5	3	4	4	2	5	4 4	5	3	3	3	3	3	3	2 2
kameshek	4	3	NA	NA	NA	NA	4	PL	3	NA	NA	3	3	4	3	3	3	3
kamysh	5	NA	3	3	3	3	3	4	4	3	3	4	3	4	4	4	4	3
kapkan	5	4	4	4	4	PL	3	2	4	4	5	4 4	3	4	3	3	3	4 4
kaplja	NA	4	NA	NA	NA	3	4	NA	3	3	3	NA	3	3	3	3	3	2
kaplja (a) stekajuschaja	5	NA	NA	3	4	NA	NA	2	NA	NA	NA	3	NA	NA	NA	NA	NA	NA
kaplja (b) tochka vody	4	NA	4	3	4	NA	NA	3	NA	NA	NA	4	NA	NA	NA	NA	NA	NA
katok dlja kryshi	4	3	4	4	NA	4	5	3	4	4	5	3 3	3	4	4	4	4	3
kinzhal	5	4	4	4	4	3	3	4	4	4	4	4 4	4	4	4	4	4	4
kirka	4	3	3	3	3	3	4	3	3	4	4	3	4	3	3	3	3	3
kishka	5	3	NA	NA	NA	NA	NA	NA	NA	4	4	4	NA	4	3	4	4	NA
kishka (a)	NA	NA	4	4	4	4	4	4	4	NA	NA	NA	4	NA	NA	NA	NA	4
kishka (b)	NA	3	3	3	NA	3	3	4	3	NA	NA	NA	3	NA	NA	NA	NA	3
kist' ruki	4	4	4	4	4	4	4	4	4	4	4	4	4	4	4	4	4	4
kizil	NA	4	4	4	3	NA	NA	NA	4	3	NA	3	PL	3	3	4	4	NA
kizjak	5	3	4	4	3 4	4	4	4	4	4 3 4	4	3 3	3	4	4	4	4	4
klesch	3	3	3	3	3	5	3	3	3	3	3	3	3	3	3	3	3	3
klin	5	3	3	3	3	3	3	4	3	4	3	4	3 3	3	3	3	3	4
kljatva	4	4	4	4	4	5	4	2	4	4	4	4	3	4	4	4	4	4
kljuch	5	4	4	4	4	4	4	4	4	4	4	4	4	4	4	4	4	4
kljuv	5	3	3	3	3	3	3	2	3	3	5	3	3	4	4	3	4	3
klop	3	3	3	3	3	5	NA	3	3	3	3	3	NA	3	3	3	4	3
klyk	4	4	5	5	4	3	3	NA	5 5	4	5	NA	3	3	4	4	NA	2
knut	4	3	4	4	3	4	4	4	4	4	4	3	4	3	3	3	3	3
kobyla	3	3	3	3	3	3	3	3	3	3	3	3	3	3	3	3	3	3
kol	5	3	3	3	3	3	3	NA	3	4	3	3	3 3	3	3	3	3	3
kol'tso	4	3	3	3	3 4	5	4	3	3	3	4	4 4	3	3	4	4	4	4
koleno	5	3	3	4	3	5	5	2	4	3	5	3	4	3	3	3	3	2
koleso	4	NA	5	5	4	5	5	4	5	4	5	4	3	3 4	3	3	3	2
koljuchee travjanistoe rastenie	4	4	5	5	3	4	4	2	5	4	5	4	3	NA	4	4	4	NA
koljuchka (ship rastenija)	5	NA	4 5	4	4	4	4	2	4	4	3	4	3	4	4	4	4	3
kollektivnaja rabota	5	3	4	4	3	3	3	4	4	3	3	4	NA	3	3	3	3	3
kolos	5	3	3	3	3	3	3	3	3	4	3	3	3	4	3	3	3	3
komar	3	3	3	3	3	3	3	3	3	NA	3	3	3	3	4	3	3	3
konets, ostrie	5	3	4	4	3	3	5	2	NA	4	5	4	3	3	4	4	4	3
kopyto	5	3	5	3	3	4	5	3	5	4	3	3	3	4	3	3	3	3
kora, kozhura	5	3	4	4 4	4	3	3	2	3	4	3	4	3	4	4	4	4	2
koren'	5	3	3	3	3	3	3	4	3	3	3	3	3	3	3	3	3	4
korennoj zub	5	4	5	NA	3	5	5	2	5	4	5	4	3	4	4	4	4	2
korova	3	3	3	3	3	3	3	3	3	3	3	3	3	3	3	3	3	3
koryto	4	4	3	3	NA	NA	5 4	4	3	NA	4	NA	NA	3	3	3	3	4 4
korzina	5	3 4	3	3	3 3	3	3	3	3	NA	5	3	3 3 4	3	3	3	3 3	3
kosa	5	4	3	3	3	3	3	3	3	4	3	3	3	4	3	3	3	3
kosa zhenskaja	5	4	4	4	3	3	3	4	3	3	3	3	3	3	3	3	3	4
koshka	3	3	3	3	3	3	3	3	3	3	3	3	3	3	3	3	3	3
kost'	NA	4	4	4	3	NA	4	4	4	4	3	NA	4	4	NA	NA	NA	NA
kostochka (ploda)	5	3	3	4	3	5	4	4	4	4	4	3	3	4	4	4	4	4
kosulja, serna	NA	3	3 3	3 3	3	3	3	NA	3	NA	3	3	3	NA	3	3	3	3
kotel	4	3 3 4	3	3	3 3	4	4	4	3	4 4	4	3 3 3 3	3 3 3	3	3	3	3	4
kover	5	3	3 3 3	3 3	3	3	3	4 4	3	3	4	4 4 3	3 3 3	4 4	3 3	3 3 3	3 3 3	4
koza	3	3	3	3	3	3	3	3	3	3	3	3	3	3	3	3	3	3
koza molodaja (do 2-3 let)	NA	4	NA	3	3	NA	NA	NA	3	3	5	NA	3	3	3 3	3	3	NA
kozel	3	3	3 3	3	3	3	3	3	3	3	3	3	3	3	3	3	3	3
kozjavka	5	4	4	3	4	3	3	NA	3	3	3	4	3	4	3	4	3	4
kozlenok	3	4	NA	NA	3	3	NA	3	3	3	5	NA	3	3	3	3	3	3
kozlenok (a) do neskol'kih mesjatsev	NA	NA	3	3	NA	NA	3	NA	NA	NA	NA	3	NA	NA	3	3	NA	NA
kozlenok (b) ot nesk. mesjatsev do goda	NA	NA	3	3	NA	NA	3	NA	NA	NA	NA	3	NA	NA	NA	NA	NA	NA
kraj	5	4	3	3	4	3	3	3	3	4	3	4	4	4	4 4	4	4	4
krapiva	5	3	4	4	4	3	5	3	3	3	3	4	3	4	4	3	4	3
kremen'	5	3	5	3	3	5	5	NA	5	4	3	4 4	3	3	4	4	4	2
krov'	5	3	3	3	4	3	3	3	3	3	3	4	3	3	3	3	3	3
krylo	4	4	5	5	4	5	5	2	5	3	5	4	4	4	4	3	4	2
krysha (zemljanaja)	5	4	3	3	4	3	3	3	3	3	3	3	4	4	4	4	4	3
kryshka	4	4	3	3	4	5	5	4	3	4	5	4	4	4	4	4	4	2
kukushka	3	3	3	3	3	3	3	3	3	3	3	3	3	3	3	3	3	3
kulak	5	3	3	3	3	3	3	3	3	4	3	3	3	3	3	3	3	3
kuritsa	3	3	3	3	3	3	3	3	3	3	3	3	3	3	3	3	3	3
kuropatka	3	3	3	3	3	3	3	3	3	3	3	3 3	3	3	3	3	3	3
kust	4	3	4	4	3	5	5	NA	4	3	5	3	3	3	3	3	3	4
kuvalda	5	4	4	4	3	4	4	2	4	4	4	3	3	4	NA	NA	NA	2
kuvshin	5 5 5 4	3 4 3 4	3 3 3 3	3 3 3 3	4 3 3 3 3 3	3 4	3 4 3	3 3	3 3	3 3 3	3 3	3 3 4 3 3 3 3	3 4 4 4 4	3 3 3 3	4 3 4 4 3 4 3	4 3 4 3 4 4 4 3	4 3 4 4 4 3	3 3
kuznechik	3	3	3	3	3	3	3	3	3	3	3	4	3	4	4	4	4	3
kuznechnyj meh	4	4	3	4 3	4	3	3	4	5	4	3	3 3	3	4	3	3	3	4
ladon'	5	4	3	3	4	3	3	2	5	3 3	3	4	4	4	4	4	4	2
lapa	4	3	3	3	4	3	3	2	3	4	5	4	4	4	4	4	4	2
lastochka	3	4	3	3	3	NA	3	3	3	3	5	3	3	3	3	3	3	3
led	5	3	3	3	3	3	3	3	3	3	3	3	3	4	4	3	4	3
legkoe	5	3	3	3	4	4	4	3	3	3	3	4	3	NA	4	4	4	3
les	4	4	4	4	3	4	4	4	4	3	4	4	3	4	4	4	4	4
lestnitsa kamennaja	5	4	3	3	3	3	3	4	3	4	3	3	3	3	NA	4	4	4
leto	NA	4	NA	NA	4	5	5	3	3	4	5	4	4	NA	4	4	4	3
lipa	5	3	3	3	3	4	NA	5	3	NA	3	3	3	3	4	4	4	3
lisa	3	3	3	3	3	3	3	3	3	3	3	3	3	3	3	3	3	3
list	5	4	5	5	4	5	5	2	5	4	5	4	3	3	3	3	3	2
litso	4	4	3	3	3	3	3	4	3	3	4	3	4	4	4	4	3	4
ljagushka	3	3	3	3	3	5	3	3	3	3	3	3	3	3	3	3	3	3
ljul'ka	5	3	3	3	3	4	4	3	3	3	4	4	3	3	3	3	3	4
lob	4	4	4	4	4	4	4	3	4	4	3	4	3	4	3	3	3	3
lokot'	5	4	5	5	4	5	5	4	5	3	4	4	4	4	4	4	4	2
lopata	NA	NA	5	5	4	NA	NA	2	5	4	NA	4	NA	NA	NA	NA	NA	2
lopata (a) derevjannaja	4	4 4	NA	NA	NA	3	3	NA	NA	NA	5	NA	4	4	4	NA	4	NA
lopata (b) zheleznaja	5	3	NA	NA	NA	4	3	NA	NA	NA	3	NA	4	4	4	4	4	NA
lopuh, rastenie s krupnymi list'jami	NA	3 4	NA	NA	3 3	3	3	NA	3	3	NA	3	3	3	NA	3	3	2
loshad', kon' (rodovoe nazvanie)	3	3	3	3	3	3	3	3	3	3	3	3	3	3	3	3	3	NA
lozhka	NA	4	3	NA	3	NA	NA	4	3	3	5	3	4	3	3	3	3	NA
lozhka (a) metallicheskaja	5	NA	NA	3	NA	3	3	NA	NA	NA	NA	NA	NA	NA	NA	NA	NA	4
lozhka (b) derevjannaja	5	NA	NA	3	NA	3	3	NA	NA	NA	NA	NA	NA	NA	NA	NA	NA	4
luk	5	4	5	5	3	3	5	4	5	3	5	3	3	3	3	3	3	4
luk (oruzhie)	3	4	3	3	3	4	3	4	4	NA	3	3	3	4	4	4	4	4
luna, mesjats	5	3	3	3	3	3	3	3	3	3	3	3	3	3	3	3	3	3
malina	NA	3	5	5	4	5	NA	2	5	NA	5	NA	3	4	4	4	4	2
maslo	4	4	4	4	4	4	4	4	NA	4	4	4	4	4	NA	NA	NA	4
med	4	4	4	4	3	4	4	4	4	4	4	4	4	4	4	4	4	4
med', bronza	5	4 4	4	4	4	3 3	3	3 3	4 4	3	4	3	3	4	4	4 4	4	3
medved'	3	3	3	3	3	3	3	3	3	3	3	3	3	3	3	3	3	3
mel'nitsa	4	4	5	5	3	5	5	4	5	4	5	4	4	4	4	4	4	2
merka dlja muki	5 5	4 3 3 3 3 3	3 3 3	3 3 3	4 4	3 3 3	3 3 3	3 3 3	3 3 3 3	4 4 3	3 3 3	4 4	3 4 4	4 4	4 4 4	4 4 4 3	3 4 4 4	3 4 4 2
meshok	5	3 3	4	4	4 4 3	4	4	NA	3	3	4 4	3 4 3	3 3 3 3	4	3 4 4	3 4 4	3 4	4
mesto	5	4	3	3	4	3	3	3	3	4	3	4	3	3	3	3 4	4	3
metka (na uhe ovtsy), shram	4	4	4	4	NA	4	4	4 3	4	3	4	4	4	4	4	4	4	4 3
mezha	5	3	3	3	3	NA	5	NA	NA	4	NA	3	NA	3	3	3	3	NA
mjakina	4	4	4	4	4	4	3	2	4	4	5	4	4	4	4	3	3	2
mjaso	5	4	4	4	3	4	4	4	4	4	4	4	4	4	4	4	4	4
mjata	5	3	4	4	4	3	3	4	3	3	3	4	3	4	4	4	4	3
mocha	4	4	4	4	4	4	4	4	4	4	4	4	4	4	4	4	4	4
mogil'nyj kamen'	5	3	5	5	3	3	3	2	5	3	5	3	3	3	3	4	3	2
mogila	5	4	4	4	4	5	5	4	4	3	4	4	4	4	3	3	3	4
mol'	3	3	3	3	3	3	4	NA	3	3	3	3	3	3	3	3	3	3
molitva	4	3	4	4	3 3	3	3	4	4	3	4	3	4	3	3	3	3	4
molnija	NA	4	4	4	NA	NA	4	4	4	3	4	3	4	NA	4	4	4	4
moloko	4	4	5	5	3	5	5	2	5	3	5	4	4	3	3	3	3	2
molotil'naja doska	5	4	3	3	4	3	3	3	3	4	3	4	3	4	4	3	3	3
molotok	4	4	4	4	3	4	4	4	4	4	4	3	4	4	4	4 3	4	4
molozivo	5	3	5	5	3	5	5	2	5	3	5	4	4	3	3	3	3	2
more	4	3	3	3	3	4	4	3	3	3	3	3	3	3	3	3	3	3
most	4	3	3	3	4	4	5	3	3	3	3	4	3	3	3	3	3	3
motok nitok	4	3	3	3	3	5	5	3	3	4	3	3	3	3	3	4	4	3
motyga	5	3	3	3	3	4	4	3	3	4	4	4	3	4	NA	NA	NA	3
mozg golovnoj	4	4	4	4	4	5	5	4	4	4	4	3	4	3	3	4	4	4
muha	3	3	3	3	3	3	3	3	3	3	3	3	3	3	3	3	3	3
muka	4	4	4	4	4	3	3	4	4	4	4	4	3	3	3	3	3	4
mul	3	3	3	3	3	3	3	3	3	3	3	3	3	3	3	3	3	3
muravej	3	3	3	3	3	3	3	3	3	3	3	3	3	3	3	3	3	3
mysh'	3	3	3	3	3	3	3	3	3	3	3	3	3	3	3	3	3	3
naperstok	5	3	3	3	4	3	3	2	3	3	3	3	3	3	3	3	3	3
nebo	4	4	4	4	4	3	4	4	4	4	4	4	4	4	4	4	4	4
nitka	4	3	4	4	3	3	3	2	4	3	3	3	4	4 4	4	4	4	3
noch'	4	4	NA	NA	4	4	4	4	4	4	4	4	4	4 4	3	3	3	4
noga	5	4	5	5	4	4	4	4	5	3	NA	4	3	4	4	4	4	2
nogot'	5	3	5	3	3	5	5	3	5	3	5	3	3	3	3	3	3	2
nos	5	3	3	3	3	3	3	3	3	3	3	3	3	3	4	3	4	3
nosha	NA	4	3	3	3	4	4 3	3	4	4	3	3	4 4	4	3	3	3 4	3
nosha (b) vjazanka travy ili hvorosta	4	3	NA	NA	NA	NA	NA	NA	3	NA	NA	4	4	NA	3	3	3	NA
nosok vjazjanyj	5	4	4	4	4	3	3	4	4	4 4	4	4	4	4 4	4	4	4	4
nozh	5	4	4	4	4	3	3	4	4	3	4	4	4	4	4	4	4	4
nozhnitsy	4	4	4	4	4	PL	4	4	4	4	4	4	4	4	4	4	4	4
nozhny	5 5	3	4	4	4	3	4	3	3	4	4	4	4	4	4	4	4	4
oblako	4	NA	4	4	NA	3	3	4	4	NA	4	NA	NA	NA	NA	NA	NA	4
ochag	5	3	5	5	3	3	5	3	3	3	4	4	4	3	3	3	3	4
ogon'	4	4	4	4	4	4	4	4	4	4	4	4	4	4	4	4	4	4
ohapka	5	4	5	5	4	3	5	2 2	5	4	3	4	4	4	4	4	4	4
okno	5	4	4	4	4	4	4	2	4	3	4	4	3	3	4	4	4	4
olen'	3	3	3	3	3	3	3	3 3	3	3	3	3	3	3	NA	NA	NA	3
olovo	5	4	4	4	3	3	3	3	4	4	3	3	4	4	4	4	4	3
oreh	4	4	NA	NA	3	NA	NA	NA	NA	NA	3	NA	NA	NA	NA	NA	NA	NA
oreh (gretskij)	NA	NA	3	3	NA	3	3	3	3	3	NA	3	4	NA	3	3	3	3
oreh (lesnoj)	NA	NA	3	4	NA	NA	NA	3	4	3	NA	4	4	3	3	3	3	3
osel	3	3	3 3	3 3	3	3	3	3	3	3	3	3	3	3	3	3	3	3
osen'	NA	4	NA	NA	4	5	5	3	3	4	3	4	4	NA	4	4	4 4	3
oslenok	3	4	3	3 3	3	3	3	3	3	3 3	5	3	3	3	3	3	3	3
ost' (kolosa)	5	NA	4	4	3	5	5	NA	3	3 4	3	4	4	4	3	3	3	4
oves	5	3	4	4	4	3	3	4	NA	3	4	4	3	3	4	3	4	3
ovtsa molodaja (a) samka	3	NA	3	3	3	3	3	3	3	3	NA	3	3	3	3	3	3	3
ovtsa molodaja (b) samets	3	NA	3	3	3	NA	NA	NA	3	3	NA	3	NA	3	3	3	3	NA
ovtsa molodaja ot odnogo goda do 2-3 let	3	3 3 4	NA	NA	NA	NA	NA	NA	NA	NA	3	NA	NA	NA	NA	NA	NA	NA
ovtsa vzroslaja, ovtsematka	3	3	3	3	3	3	3	3	3	3	3	3	3	3	3	3	3	3
ovtsy, melkij rogatyj skot	PL	4	3	3	NA	4	4	3	3	3	4	3	PL	4	4	4	4	PL
palas	5 5	3	3	3	4	3	3	4	3	3	3	4 4 4	4	4 4	4 3 3	3 3 3 3	4 3 3 3	3
palets	5	3	3	3	4	3	3	3	3	NA	3	3	3	NA	3	3	3	3
palka	4	4	NA	NA	NA	4	4	3	4	NA	4	4	4	NA	4	4	4	NA
papaha	5	4	3	3	3	5	5	3	3	3	3	4	3	3	3	3	3	3
pauk	3	3	3	4	3	3	3	3	3	3	3	3	4	4	4 4	3	4	3
pchela	3	3	3	3	3	3	3	3	3	3	3	3	3	3	3	3	3	3
pech' glinjanaja dlja hleba	3	3	NA	NA	3	3	3	NA	3	4	NA	4 3	3	3	3 3	3 3	3 3	3
pechen'	4	4	3	3	4	5	4	3	3	3	3	4	4	4	4	4	4	3
pen'	5	NA 4	3	3	4	3	3	3	4	3	4	4	4	3	3	3	3	4
pena, puzyri na vode	5	3	3	3	4	3	3 4	3	3	4	3	4	4	4 3	4 4	4 4	4 4	3
pero	4	4	3	3	4	4	4	3	3	3	4	4	3	4	3	3	3	3
peschera	4	4	4	4	4	4	4	3	4	4	5	4 4	4	NA	4	3	4	2
pesnja	4	4	3	3	4	3	3	3	3	3	3	3	3	4	3	3	3	3
pesok	4	4	3	3	3	3	4	3	3	4	3	3	3	3	3	3	3	NA
petuh	3	3	3	3	3	3	3	3	3	3	3	3	3	3	3	3	3	3
petushinyj greben'	5	3	4	4	3	3	3	2	4	4 4	3	3	4	4	4	4	4	2
pijavka	3	4	3	3	3	3	3	3	3	3	3	3	3	3	3	3	4	3
pila	5	3	3	3	4	3	3	4	3	4	4	4	4	3	3	3	3	4
pischevod	5	4	4	4	4	NA	3	3	4	4	3	4 3	4	3	3	4	3	4
pjad' bol'shaja	5	4	3	3	4	5	5	3	3	4	5	4	4	3	3	3	3	3
pjad' malaja	5	NA	NA	5	NA	5	5	2	3	NA	5	NA	4	3	NA	4	NA	3
pjatka	5	3	5	5	4	3	3	3	5	3	3	3	3	3	3	3	3	3
platok zhenskij	4	3 3 3	4	4	3 4 4	4 4	4 4	4 4	4	4 4	3 3	4	4 4	3	3	3	3	4 4
plecho	5	4	5	5	4	5 3	3	4	5	3	3	3	4	4	3	3	3	3
plesen'	NA	4	NA	NA	4	3	3	4	NA	4	4	4	4	4	3	4	4	4
plita kamennaja dlja ukreplenija kraev kryshi	5	4	5	5	NA	3	5	4	5	4	3	4	4	3	3	3	3	2
pochka	4	3	3	3	3	3	3	3	3	3	5	3	3	3	3	3	3	3
podborodok	4	3	4	4	4	5	3	4	4	3	5	4	3	4	4	4	4	2
podkova	5	4	4	4	4	3	3	4	4	4	3	3	4	3	3	3	3	4
podmyshka	NA	NA	NA	NA	4	NA	NA	NA	NA	4	NA	4	4	4	4	4	4	NA
pojas	4	4	4	4	4	4	4	3	4	3	4	4	4	3	3	3	3	3
pol zemljanoj	4	4	3	3	4	3	3	2	3	4	5	4	3	3	3	3	3	2
pole	4	4	3	3	4	4	4	3	3	4	4	4	4	4	4	4	4	3
poleno, drova	5	4	3	3	4	3	3	4	3	4	3	4	4	4	4	4	4	4
poloska kozhi, remeshok	4	4	5	5	4	5	5	2	5	4	3	3	4	4 3	3	3	3	2
pomet (a) ovtsy	5	4	NA	4	4	4	3	NA	4 3	3	5 3	3	NA	4	NA	NA	NA	3
pomet (b) loshadi	5	NA	NA	NA	4	3	3	NA	3	3	3	3	4	3	NA	NA	NA	4
pomet (c) korovy	5	NA	NA	NA	4	4	4	4	3	4	NA	4	NA	4	NA	NA	NA	4
pomet (d) ptitsy	NA	NA	NA	NA	NA	NA	NA	NA	NA	3	3	4	NA	4	NA	NA	NA	NA
pomet (e) melkih zhivotnyh	NA	NA	3	3	NA	NA	NA	NA	NA	NA	NA	4	NA	4	NA	NA	NA	NA
pomet zhivotnyh (obschee)	4	NA	NA	NA	NA	NA	NA	4	NA	NA	NA	NA	3	NA	4	4	4	NA
postel' (mesto dlja span'ja)	5	3	3	5	NA	3	3	3	3	4	3	NA	3	4	3	3	3	3
posuda (sobir.)	5	4	4 4	3 4	4	NA	4	4	4	PL	4	4	3	PL	PL	PL	PL	4
pot	5	4	4	4	4	4	4	4	4	4	4	4	4	4	4	4	4	4
potolok	5	PL	4	4	4	3	4	NA	NA	4	3	3	4	4	4	4	4	NA
pricheska muzhskaja, chub	5	3	4	4	4	3	5	2	3	4	3	3	3	4	3	3	3	4
proso	5	3	4	4	3	3	3	4	4	4	3	4	3	3	3	3	3	3
prysch	NA	3	3	3	4	5	3	4	3	3	3	3 4	4	3	3	3	3	4
pshenitsa	5	NA	3	3	4	NA	NA	4	3	3	4	4	3	NA	3	3	3	4
ptitsa	3	4	3	NA	3	3	3	NA	3	3	5	3	3	3	3	3	3	NA
ptitsa chernaja (galka, grach, skvorets)	3	3	NA	NA	3	3	3	NA	NA	3	5	4	3	3	3	3	3	NA
ptitsa dlinnonogaja (zhuravl', tsaplja, aist)	PL	3	3	3	3	3	3	3	3	3	3	3	3	3	NA	NA	3	3
ptitsa hischnaja (orel, sokol, jastreb)	3 3	3 3 3	3 3 3	3 3 3 3	3 3 3	3 5 5 3	5 5 3 3	3 3	3 3 3	3 3	3 5	3 3 3	3 3 3 3	3 3	3 3	3 3 3	3 3 3	3 3
ptitsa hischnaja nochnaja (sova, filin)	3	3	3	3	3	3	3	3	3 3	3	3	3	3	3	3	3	3	3
pugovitsa	5	3 4 3	4 3 4	4	3	3	5	3	3	3	3	3	3	3 3	4	4	4	3
pupok	4	4	3	3	4	5	5	3	3	4	3	3	4	3	4	4	4	3
pyl'	5	4	4	4	4	4	4	3	4	4	3	4	3	4 4	4	4	4	3
rana	4	4	4 4	4	4	4	4	4	4	3	4	4	4	4	4	4	4	4
razvaliny	NA	4	4	4	4	3	3	2	4	NA	4	3	4	4	3	3	4	2
rech', slovo	5	4	4	4	4	3	NA	4	4	3	4	3	3	3	4	4	4	4
reka	4	4	5	5	3	NA	NA	NA	5	3	NA	3	NA	3	3	3	3	3
reka bol'shaja	NA	NA	NA	NA	NA	4	4	2	NA	NA	3	NA	4	NA	NA	NA	NA	NA
reka malen'kaja	NA	NA	NA	NA	NA	4	4	2	NA	NA	3	NA	3	NA	NA	NA	NA	NA
resnitsa	5	4	4	4	4	NA	4	4	4	3	4	4	NA	4	3	3	4	4
rodnik	5	3	NA	NA	3	3	3	3	3	3	3	3	3	3	3	3	3	3
rog	5	3	5	5	4	3	3	5	5	3	5	4	3	3	3	3	3	2
rosa	5	3	4	4	4	3	3	4	4	4	3	4	4	4	3	4	4	3
rot	5	4	5	5	4	4	4	3 4	5 5	3	5 4	4	3 3	4	4	4	4	4 2
rozh'	5	NA	4	4	4	3	NA	NA	5	3	4	4	3	3	3	3	3	NA
rubashka	4	3	4	4	3	5	5	2	5	3	5	3	3	3	3 4	4	3 4	2
ruchej, raspadok	5	4	4	4	4	4	4	4	4	3	3	3 3	4	3	3	3	3 3	3
ruka (a)	NA	4	4	4	4	NA	NA	4	NA	4	NA	4 4	4	4	4	4	4	4
ruka (b)	4	NA	5	5	NA	3	5	2	5	NA	4	NA	4	NA	3	3	3	3
rukav	5	4	4	4	4	4	4	4	4	4	4	4	4	4	4	3	4	4
rukavitsa	4	4	4	4	4 4	4	4	4	4	4	4	4	4	4	4	4	4	4
rukojatka (nozha, sabli)	4	4	3	3	4	4	3	3	3	4	3	4	3	3	3	3	3	3
ryba	3	3	3	3	3	5	3	3	3	3	3	3	3 3 3	3	4	4	4	3
sablja	4	4	4	4	4	4	4	4	4	4	4	4	4	4	NA	NA	NA	4
samets	1	NA	3	3	NA	1 3	1 3	1 3	3	NA	1 3 4	4	NA	NA	3	1	NA	3
samka	4	NA	3	3	3	2	NA	3 2	3	NA	2 4	4	NA	NA	3	2	NA	3
sani	4 4	NA	4	4	4	3	3	3	4	4	3	4	4	4	3	3	3	3
sapog (vojlochnyj, vjazanyj)	5	4	4	4	4	3	3	NA	4	4	4	4	NA	4	4	4	4	3
scheben', kamennye oskolki	4	3	3 3	3	NA	4	NA	3	3	3	3	3	3	4 4	3	3	4	4
scheka	5	4	3	3	3	5	5	4	3	3	4	3	4	3	3	3	3	4
schenok	3	4	3	3	3	3	3	3	3	3	5	3	3	3	3	3	3	3
schepka	NA	NA	4 4	4 4	4	4	4	4	4	3	4	3	4	4	3	3	4	4
schiptsy dlja uglej	5	3	3	3	4	3	3	3	3	3	3	4	3	4	4	4	4	3
sedlo	NA	NA	NA	NA	NA	4	4	NA	NA	4	4	NA	NA	NA	NA	NA	NA	NA
sedlo (a) ezdovoe	4	4	4	4	4	NA	NA	4	4	NA	NA	4	4	4	3	3	3	4
sedlo (b) guzhevoe	5	4	3	3	4	NA	NA	4	3	NA	NA	4	4	3	3	3	3	4
selenie	4	4	4	4	4	4	4	3	4	4	3	3	4 4	3	3	3	3	3
selenie (b) hutor	5	4	4	4	3	3	3	4	4	NA	4	4	4	NA	NA	NA	NA	2
selezenka	4	4	3	3	4	3	PL	3	3	4	5	4	4	3	3	3	3	3
semja	4	4	4	4	3	4	4	3	4	3	4 4	3	3	3	3	3	3	4
senoval, saraj	5	4	3	3	4	3	3	2	3	3 4	3	4	4	3	3	3	3	2
serdtse	4	4	4	4	4	4	4	4	4	4	4	4	4	4	4	4	4	4
serebro, den'gi	5	4	4	4	4	3	3	3	4	4	3	4 4	4	4	4	4	4	3
serp	5	4	3	3	NA	NA	3	3	3	NA	NA	NA	NA	4	3	NA	NA	NA
serp (a) prjamoj	NA	NA	NA	NA	NA	3	NA	NA	NA	NA	NA	NA	3	NA	NA	NA	NA	NA
serp (b) krivoj	NA	NA	NA	NA	3	3	NA	NA	NA	4	3	3	3	NA	NA	3	3	3
set'	4	4	5	5	3	5	3	NA	5	4	NA	4	4	NA	4	4	4	NA
sheja	5	4	3	3	4	5	3	3	3	3	3	3	4	3	3	3	3	3
sherst' koz'ja	NA	4	4	4	4	4	4	3	4	4	4	3	4	3	4	4	4	4
sherst' ovech'ja	NA	4	NA	NA	3	NA	NA	NA	NA	3	NA	4	4	NA	NA	NA	NA	NA
sherst' ovech'ja (a) vesennjaja	4	NA	NA	4	NA	4	4	4	4	NA	4	NA	NA	4	3	3	3	4
sherst' ovech'ja (b) osennjaja	4	NA	4	4	NA	4	4	4	4	NA	4	NA	NA	4	3	3	3	4
shilo	4	4	5	5	4	5	4	2	5	3	5	3	4	4	4	4	4	2
shkura kozy	5	3	NA	3	NA	3	3	NA	3	NA	3	NA	4	NA	NA	NA	NA	NA
shkura krupnokopytnogo	5	3	3	3	4	5	3	3	3	4	3	4	3	4	4	4	4	3
shkura melkokopytnogo	NA	NA	3	NA	4	NA	NA	3	NA	4	NA	4	NA	4	4	4	4	3
shkura ovtsy	4	4	NA	3	NA	3	4	NA	3	NA	3	NA	3	NA	NA	NA	NA	NA
shtany	4	3	5	5	3	4	4	2	5	4	3	4	4	3	3	3	3	2
shumovka	5	3	NA	NA	4	4	4	NA	NA	3	4	4	3	4	3	3	3	4
sito	4	3	3 3	3	3	5	5	3 4	3	NA	3	NA	4	NA	NA	NA	NA	3
sito (a) dlja muki	NA	NA	NA	NA	NA	NA	NA	NA	NA	3	NA	3	NA	3	3	3	3	NA
sito (b) dlja zerna	NA	NA	NA	NA	NA	NA	NA	NA	NA	3	NA	3	NA	3	4	3 3	3 3	NA
skala, skalistyj sklon	5	4	3 4	3 4	3	5	5	2	3 4	4	5	4	4 3	4 4	4	4	4	2
skazka	5	3	3	3	3	3	3	3	3	3	3	4	3	4	3	3	3	3
sklon solnechnyj	5	4	4	NA	4	3	3	NA	3	4	3	3	3	3	4	4	4	NA
sklon tenevoj	5	4	4	NA	4	3	3	NA	3	4	5	3	3	3	4	4	4	NA
slepen'	3	3	3	3	3	3	3	3	3	3	3	3	3	3	3	3	3	3
sleza	4	4	5	5	4	5	5	2	5	4	5	4	4	4	4	4	4	2
sliva	4	3	4	4	3	3	3	3	4	4	3	3	3	3	3	3	3	3
sljuna	5	4	5	NA	3	4	4	2	5	4	5	4	NA	NA	NA	NA	NA	2
sljuna (a)	NA	NA	4	4	NA	NA	NA	NA	NA	NA	NA	NA	4	4	4	4	4	NA
sljuna (b)	NA	NA	NA	5	NA	NA	NA	NA	NA	NA	NA	NA	4	4	4	4	4	NA
smetana	5	4	4	4	4 4	5	4	2	4	3	3	4	4	3	4	4 3	4 3	3
smola	5	3	3	3	3	3	3	3	3	3	4	NA	3	4	4	4	4	2
sneg	4	3	5	5	4	5	5	2	5	3	5	4	3	4	4	4	4	2
snop	5	3	4	4	3	3	3	4	4	4	4	3	3	3	3	3	3	NA
snovidenie	4	4	5	5	4	5	5	5	5	4	5	4	4	4	4	4	4	5
sobaka	3	3	3	3	3	3	3	3	3	3	3	3	3	3	3	3	3	3
soha	4	4	4	4	4	4	4	2	4	4	4	3	4	4	4	4	4	2
sol'	4	4	4	4	3	4	4	4	4	4	4	4	3	3	3	3	3	4
solntse	5	3	3	3	3	3	3	4	3	3	3	3	3	3	3	3	3	3
solod	5	3	3	3	3	3	3	3	3	3	3	4	3	3	3	3	3	3
soloma	5	3	5	5	3	3	3	3	5	4	3	4	4	NA	NA	4	4	3
soplja	5	3	4	4	4	3	3	4	4	3	4	4	3	3	3 4	4 4	3	4
sornjak	5	4	4	4	4	3	3	4	4	3	3 4	4	4	NA	4	4	4	4
soroka	3	4	NA	NA	3	3	3	NA	3	3	3	3	3	3	3	3	3	NA
soshnik	5	4	3	3	3	3	5	4	3	4	3	3	4	4	3	3	3	2
sosok	5	3	3	3	NA	3	NA	3	NA	NA	NA	NA	NA	3	NA	NA	NA	3
sosok (a)	NA	NA	NA	NA	3	NA	3	NA	3	3	3	4	3	NA	3	3	3	NA
sosok (b)	NA	NA	NA	NA	3	NA	3	NA	4	3	5	3	3	NA	3	3	3	NA
sperma	5	4	4	4	3	3	3	4	4 4	4	4	3	3	3	3	3	3	4
spina	5	4	3	3	4	5	3 3 5	3	3	4	5	4	4	4	PL	4	4	2
spitsa vjazal'naja	5	3	4	4	3	3	3	3	4	4	3	3	3	3	3	3	3	3
stena	5	3	4	4	3	4	4	4	4	3	5	3	3	4	4	4	4	3
stog	NA	3	4 3	NA	3 4	3	3 3	NA	NA	4	3	4 3 3	NA	4 3	3 3	3 3	3 3	NA
stog (a) bol'shoj	5	NA	NA	3	NA	NA	NA	3	3	NA	NA	NA	3 3	NA	NA	NA	NA	3
stog (b) malen'kij	5	NA	NA	3	NA	NA	NA	4	3 3 3	NA	NA	NA	3	NA	NA	NA	NA	3
stojachaja voda (ozero, luzha)	5 4	3	3	3	3	3	3 5	3	3	3	3	3 3	3	3	3	3	3	3 3
stolb opornyj	5	4	NA	NA	4	3	3	3	3	4	3	4 4	4	3	3	3	3	3
strela	5	4	4	4	3 3	4	3	4	4	4	4	3	4	4	3	3	3	2
stremja	5	4	4	4	4	3	3	4	4	4	4	4	4	4	4	4	4	4
stupnja	5	3	3	3	4	3	3	3	3	4	3	4	3	NA	4	4	4	3
suka	3	3	3	3	3	3	3	3	3	3	3	3	3	3	3	3	3	3
sunduk	4	3	3	3	3	3	3	2	3	3	5	4	3	4 3	3 3	3 3	3 3	3 2
sustav	5 4	NA	3	3	4	NA	4	NA	3	3	4	3	3	3	4	4	4	3
svad'ba	5	4	4	4	4	3	4	4	3	4	3	4	3	3	PL	PL	PL	3
svet	NA	4	4	4	4	4	4	3	4	4	4	4	3	4	4	4	4	3
svinets	5	4	4	4	3	3	3	3	4	4	3	3	4	4	4	4	4	3
svjazka snopov v pole	5	3	3	3	PL	3	5	4	4	3	NA	PL	4	4	4	NA	4	4
sychug	5	3	3	3	3	5	4	4	3	3	3	3	4	3	3	3	3	3
syr (brynza)	4	4	4 5	4 5	NA	5 5	5	NA	5	4	5	NA	4	4	4	4	4	2 4
syr (tvorog)	4	4	4	4	NA	5	5	NA	4	3	NA	NA	4	3	3 3	3 3	3 3	4
syvorotka	4	3	5	5	4	5	5	2	5	3	5	4	3	3	3	3	3	2
taburet	5	3	4	4	NA	3	3	4	4	3	3	4	3	3	3	3	3	4
tanets	4	4 3	4	4	NA	4	4	4	4	3	4	3	4	3	3	3	3	4
telenok (do odnogo goda)	3	4	3	3	3	3	3	3	3	3	5	3	3 3	3 3 3	3	3	3	3
telka (ot odnogo goda do treh let)	3 3	4	3	3	3	3	3	3	3	3	5	3	3	3	3	3	3	3
telo	5 5 5	3	3 3	3	4	3 3	3 3 3	3	3	4	3	4 4	3	4 4	4	4	4	3
ten'	5	3	4	4	4 4	3	3	4	4	4	3	3	4	3	3	3	3	3
testo	5	4	4	4	3	3	3	4	4	4	4	3	4	4	4	4	4	4
tkatskij stanok	NA	PL	3	3	4	4	3	NA	3	4	NA	PL	NA	4	4	4	4	NA
tmin	5	4	4	4	4	3	3	4	3	3	3	NA	3	NA	NA	NA	NA	4
tochilo	NA	NA	NA	NA	3	5	NA	NA	5	4	5	3	NA	NA	NA	NA	NA	NA
tochilo (a) ploskoe	4	4	5	5	NA	NA	5	2	NA	NA	NA	NA	3	3	3	3	3	2
tochilo (b) krugloe	4	4	4	4	NA	NA	3	2	NA	NA	NA	NA	4	3	4	4	4	2
tolokno	4	4	4	4	3	4	4	4	4	4	3	4	3	3	3	3	3	3
topkoe mesto	5	3	4	4	4	3	3	3	4	3	3	PL	3	4	4	4	4	3
topor	4	4	4	4	4	4	4	2	4	3	4	3 4	4	4	4	4	4	4
trava	5	4	4	4	4	4	4	4	4	4	4	4	4	4	3	3	3	2
trut	5	NA	3	3	4	3	5	NA	3	4	3	4	3	4	3	3	3	3
tsep'	4	4	5	4	4	5	5	4	4	4	4	4	4	3	3	3	3	4
tsvetok	4	4	4	3	4	4	4	4	4	3	4	4	3	4	4	4	4	3
tulup, shuba	5	3 3	4	4	3	5 5	4	2	3	4	3	3	3	4	4	4	4	3
tuman	NA	3	NA	NA	4	NA	NA	NA	NA	NA	NA	4	NA	NA	3	3	3	NA
tusha	5	3	3	3	4	3	3	3	4	4	3	4	3	4	4	4	4 4	3
ugol	NA	3	3	3	3	3	3	NA	3	3	3	3	3	NA	NA	NA	NA	NA
ugol (a) vnutrennij	4	NA	NA	NA	NA	NA	NA	3	NA	NA	NA	NA	NA	3	3	3	3	3
ugol (b) vneshnij	5	NA	NA	NA	NA	NA	NA	3	NA	NA	NA	NA	NA	3	3	3	3	3
ugol' drevesnyj	5	4	5	5	4	5	5	2	5	4	5	4	4	3	3	3	3	2
uho	5	4	4	4	4	4	4	4	4	3	4	4	4	4	4	4	4	4
ular, gornaja indejka	NA	3	NA	NA	NA	3	3	3	NA	3	3	3	3	3	3	3	3	NA
us	5	3	3	3	4	3 5	3	3	4	4	5	3	4	3	4	3	3	3
utro	NA	NA	NA	NA	4	NA	NA	NA	NA	NA	4	NA	4	NA	4	4	4	4
uzdechka	4	4	4	5	4	5	3 4	4	4	4	3	4	4	4	4	4	4	4
v'juk	NA	4	4	4	4	4	NA	NA	4	NA	NA	NA	NA	4	NA	NA	NA	4
v'juk (a) tsel'nyj	5	NA	NA	NA	NA	NA	NA	4	NA	4	3	4	4	NA	NA	NA	NA	NA
v'juk (b) dvustoronnij	5	NA	NA	NA	NA	NA	4	NA	NA	4	4	4	NA	NA	4	4	4	NA
venik	5	4	3	3	3	5	5	3	3	4	5	3	3	4	3	3	3	3
venik (b) metla	5	NA	NA	NA	3	3	3	NA	NA	4	3	NA	3	3	3	3	3	NA
vereteno	4	4	4	4	4	3	3	4	4	4	4	4	4	3	4	4	4	4
verevka	4	3	3 4 4	4	3	3	5	4	4	4 4	4	4	3	3 3	3	3	3	4
vesch', predmet	5	4	4	4	4	3	4	3 4 5	3 4 5	4	4	4	4	4	4	4	4	4
vesna	NA	4	NA	NA	4	5	5	3	3	4	5	4	4	NA	4	4	4	3
veter	5	3 3	4	4	4	3	3	4	4	3	4	3	3	3	4	4	3	4
vetka	5	4	3	3	4	4	4	3	3	4	4	3	4	4	3	4	4	4
vilka	5	4 3	3	3	3	3	3	3	3	4	4	3	4	4	4	4	4	4
vily	5	4	3	3	3	3	3	4	3	3	3	3	3	4	4	4	4	3
vinograd	5	3	3	3	4	4	4	3	3	3	4	3	3	3	4	4	4	3
vlagalische	4	3	3	3	3	3 3	3 3	3	3 3 3	3 3 3	3	3	3	3	3	3	3	3
voda	4	4	4	4	4	4	4	4	4	4	4	4	4	4	4	4	4	4
vol	3	3	3	3	3	3	3	3	3	3	3	3	3	3	3	3	3	3
volk	3	3	3	3	3	3	3	3	3	3	3	3	3	3	3	3	3	3
volos	5	4	4	4	4	4	4	3	4	3	4	3	4	3	4	3	4	3
vorona	3	3	3	3	3	3	3	3	3	3	3	3	3	3	3	3	3 3	3
vosh'	3	3	3	3	3	3	3	3	3	4	3	3	3	3	3	3	3	3
vydelenija iz glaz	5	4	5	5	4	3	3	2	4	3	4	4	3	4	4	4	4	4
vymja	4	4	3	3	4	5	5	3	3	4	5	4	4	4	4	4	4	2
zad	5	NA	NA	NA	3	4	4	4	3	3	NA	4	3	NA	3	3	3	4
zagon dlja dojki ovets	NA	3	3 3	3 3	4	5	3 3	3	3 3	NA	3	4	4	4	3	3	3	4
zajats	3	4	3	3	3	3	3	3	3	3	3	3	3	3	3	3	3	3
zamok	PL	4	4	4	3	4	4	4	4	4	4	4	4	3	4	4	4	4
zastezhka	5	NA	NA	NA	NA	5	3	NA	NA	NA	5	NA	NA	NA	NA	NA	NA	NA
zastezhka (a) nakidnaja verevochnaja petlja	NA	4	NA	NA	NA	3	NA	NA	NA	3 4	NA	NA	3	3	3	3	3	NA
zastezhka (b) prjazhka	NA	4	3	3	3	3	NA	4	4	4	3	4	3	4	4	4	4	4
zemlja, pochva	4	4	3	3	4	4	4	4	3	4 3	4	4	4	3	3	3	3	4
zemlja, razmjakshaja ot dozhdja; zemljanoj rastvor	5 5	4	4	4	4	3	3	3	4	4	4	3	4	3 4	4	4	4	3
zemljanika	4	3	5	5	4	5	4	3	5	NA	5	3	3	4	4	4	4	2
zerkalo	4	4	3	3	4	5	5	2	3	4	3	4	4	4	3	3	3	3
zerno (sobir.)	5	3	4	4	3	3	3	3	4	3	4	NA	3	3	3	3	3	4
zernyshko	5	3	3	3	3	5	3	3	3	4	3	3	3	3	3	3	3	3
zharenoe zerno	3	3	4	4	4	3	3	3	4	3	3	4	3	NA	NA	NA	NA	3
zhelch'	5	3	3	3	4	3	3	3	3	3	3	3	3	3	3	3	3	3
zhelezo	5	4	4	4	4	4	4	4	4	4	4	4	4	4	4	4	4	4
zhelob	NA	NA	NA	NA	3	NA	3	NA	NA	3	NA	3	3	NA	NA	NA	NA	NA
zhelob (a) dlja zerna na mel'nitse	5	3	3 4	4	NA	3	NA	4	4	NA	5	NA	NA	NA	NA	NA	NA	4
zhelob (b) dlja vody na mel'nitse	5	3	3	3	3	3	NA	4	3	NA	4	3	NA	3	3	3	3	4
zheludok	NA	4	4	4	3	4	3	4	4	3	4	3	4	3	3	3	3	4
zherd'	NA	3	3	3	4 4 3	NA	4	4 3	3	4	3	4	3	4	3	4	3 3	4
zherebenok	3	4	3 3 3	3 3 3	3	3	3	3	3	3	5	3	3	3	3	3	3	3
zherebets	3	NA	3	3	3	3 3	3	3	3	3	3	3	3	3	3	3	3	3
zhila	5	NA	NA	NA	3	NA	NA	NA	NA	4	NA	3	NA	NA	3	3	3	NA
zhila (a)	NA	3	3	3	NA	3	3	3	3	NA	3	NA	3	3	NA	NA	NA	3
zhila (b)	NA	3	3	3	NA	3	3	3	3	NA	3	NA	3	3	NA	NA	NA	3
zhir	4	4	5	5	4	3	3	2 2	5	3	5	4	4	4	4	4	4	2
zhivot	4	4 3	4	4	3	4	4	NA	NA	4	4	3	NA	NA	NA	NA	NA	NA
zima	NA	4	3	3	4	5	5	3	3	4	5	4	4	NA	4	4	4	3
zmeja	3	3	3	3	3	4	3	3	3	3	3	3	3	3	3	3	3	3
zola	4	4	5	5	4	4	4	4	5	4	5	4	3	3	3	3	3	2
zoloto	5	4	4	4	4	3	3	3	4	4	3	4	4	4	4	4	4	3
zub	4	4	4	4	4	5	5	4	4	4	5	4	4	4	4	4	4	2
zver' pushnoj (laska, kunitsa, belka)	3 3	4 4	3 3 3	3 3 3	3	3	3 3	3	3 3	3 3	3 3	3 3	3	3 3	3 4	3 3	3 4	3
zvezda	5	3	3	3	3	3	3	3	3	3	5	3	3	3	3	3	3	3
zvuk	4	NA	3	3	NA	NA	NA	NA	4	NA	NA	NA	NA	4	NA	NA	NA	3